id,name,email,token
1,Arlana,amcgahy0@mysql.com,McGahy
2,Averil,awallege1@ameblo.jp,Wallege
3,Hercules,hcrotty2@etsy.com,Crotty
4,Ester,elots3@ucoz.com,Lots
5,Ford,fpawlick4@networkadvertising.org,Pawlick
6,Scotti,sdefont5@soundcloud.com,Defont
7,Judd,jeddis6@marketwatch.com,Eddis
8,Sella,srisley7@privacy.gov.au,Risley
9,Kimberli,kcragg8@scientificamerican.com,Cragg
10,Benni,bextance9@statcounter.com,Extance
11,Jens,jcrouxa@slashdot.org,Croux
12,Adelaide,aschechterb@mit.edu,Schechter
13,Sutton,spalffreyc@hhs.gov,Palffrey
14,Kathleen,kpettingerd@canalblog.com,Pettinger
15,Murray,mferryne@admin.ch,Ferryn
16,Joellyn,jcavilf@merriam-webster.com,Cavil
17,Eadie,ekemmishg@chronoengine.com,Kemmish
18,Carrol,cvinesh@typepad.com,Vines
19,Kiele,kleabeateri@myspace.com,Leabeater
20,Arabelle,aneevesj@hao123.com,Neeves
21,Mahmud,mbiagik@wix.com,Biagi
22,Lance,lmcnairl@vk.com,McNair
23,Heall,hjopem@imageshack.us,Jope
24,Sherm,shenstridgen@cdc.gov,Henstridge
25,Myrna,mcolumo@geocities.com,Colum
26,Rex,rlegassickp@zimbio.com,Le Gassick
27,Chase,crehmq@uiuc.edu,Rehm
28,Jolene,jbohlinr@naver.com,Bohlin
29,Katrinka,kmarions@sbwire.com,Marion
30,Cyndie,cbiggamt@cdc.gov,Biggam
31,Isidoro,iperviewu@boston.com,Perview
32,Ollie,oburdusv@infoseek.co.jp,Burdus
33,Ethelbert,efullagerw@arizona.edu,Fullager
34,Cosmo,csigartx@psu.edu,Sigart
35,Chandal,cradkey@kickstarter.com,Radke
36,Lodovico,ltonksz@com.com,Tonks
37,Lynett,ldigginson10@samsung.com,Digginson
38,Priscilla,ppengilly11@auda.org.au,Pengilly
39,Roobbie,rperrie12@nba.com,Perrie
40,Fraze,fmaytom13@princeton.edu,Maytom
41,Rozalie,rtwelves14@surveymonkey.com,Twelves
42,Karlyn,kcesco15@timesonline.co.uk,Cesco
43,Aharon,abartlet16@prnewswire.com,Bartlet
44,Alicea,awoolhouse17@wikispaces.com,Woolhouse
45,Nicky,ndownton18@chronoengine.com,Downton
46,Dunn,dingolotti19@state.gov,Ingolotti
47,Val,vsurgey1a@adobe.com,Surgey
48,Merell,mmelbourn1b@discuz.net,Melbourn
49,Bendick,bturmell1c@dedecms.com,Turmell
50,Carrissa,cackerley1d@wikia.com,Ackerley
51,Alric,aquerree1e@hugedomains.com,Querree
52,Easter,eriggoll1f@odnoklassniki.ru,Riggoll
53,Whitney,wcawley1g@census.gov,Cawley
54,Jehu,jlippett1h@sakura.ne.jp,Lippett
55,Sig,smoquin1i@scientificamerican.com,Moquin
56,Breanne,btween1j@blogger.com,Tween
57,Kelly,klamberto1k@berkeley.edu,Lamberto
58,Norma,nchadney1l@posterous.com,Chadney
59,Florinda,flegier1m@gizmodo.com,Legier
60,Sunshine,ssacher1n@myspace.com,Sacher
61,Deck,dcuncliffe1o@eventbrite.com,Cuncliffe
62,Marena,mentissle1p@netlog.com,Entissle
63,Noell,nquinet1q@slideshare.net,Quinet
64,Zsa zsa,zfryers1r@flavors.me,Fryers
65,Alejoa,adrioli1s@usnews.com,Drioli
66,Romeo,rhalliwell1t@redcross.org,Halliwell
67,Stevie,spykett1u@si.edu,Pykett
68,Ansel,aguiett1v@tuttocitta.it,Guiett
69,Hannis,hlougheid1w@vk.com,Lougheid
70,Susy,setheredge1x@topsy.com,Etheredge
71,Charles,chaack1y@house.gov,Haack
72,Kimberley,kboow1z@gov.uk,Boow
73,Edwin,erampage20@chicagotribune.com,Rampage
74,Adelle,abenedtti21@theguardian.com,Benedtti
75,Jo-anne,jsutliff22@earthlink.net,Sutliff
76,Haskel,hdequincey23@unicef.org,de Quincey
77,Grayce,gmactrustrie24@blogs.com,MacTrustrie
78,Cob,cpaolucci25@ucla.edu,Paolucci
79,Eleonore,eandreutti26@nsw.gov.au,Andreutti
80,Harwell,hhuckstepp27@clickbank.net,Huckstepp
81,Dyna,dends28@rediff.com,Ends
82,Cyrille,ckitching29@phpbb.com,Kitching
83,Mary,mclemson2a@theglobeandmail.com,Clemson
84,Gayel,gmacanespie2b@sun.com,MacAnespie
85,Elna,edoodson2c@time.com,Doodson
86,Maegan,mspargo2d@yellowpages.com,Spargo
87,Nissa,nzanutti2e@cbslocal.com,Zanutti
88,Ameline,awalles2f@hugedomains.com,Walles
89,Silvain,sgranham2g@prlog.org,Granham
90,Renaud,rscoggin2h@miitbeian.gov.cn,Scoggin
91,Denise,dessel2i@sogou.com,Essel
92,Ethelyn,ethomesson2j@dmoz.org,Thomesson
93,Krisha,kklimushev2k@wunderground.com,Klimushev
94,Manuel,mjiroudek2l@unicef.org,Jiroudek
95,Estelle,emcdonough2m@mapy.cz,McDonough
96,Linus,lheineke2n@facebook.com,Heineke
97,Sawyer,swillbond2o@adobe.com,Willbond
98,Stan,sdarracott2p@ehow.com,Darracott
99,Caterina,churrion2q@hud.gov,Hurrion
100,Calhoun,ccann2r@slideshare.net,Cann
101,Emlynn,etondeur2s@taobao.com,Tondeur
102,Waring,whierro2t@about.me,Hierro
103,Brnaba,bfreer2u@upenn.edu,Freer
104,Cobby,cduchatel2v@alexa.com,Duchatel
105,Chrissie,cbandey2w@mtv.com,Bandey
106,Clarinda,cgawkroge2x@washingtonpost.com,Gawkroge
107,Pauletta,pbrayshaw2y@youku.com,Brayshaw
108,Selene,srowantree2z@trellian.com,Rowantree
109,Magdaia,mpidwell30@bbc.co.uk,Pidwell
110,Isabelle,idimmne31@japanpost.jp,Dimmne
111,Mendy,mgoodisson32@apple.com,Goodisson
112,Vernen,vportt33@huffingtonpost.com,Portt
113,Ainslee,aarderne34@arizona.edu,Arderne
114,Angy,agrzes35@vimeo.com,Grzes
115,Rubina,ranniwell36@ibm.com,Anniwell
116,Gusella,gdemeis37@walmart.com,De Meis
117,Teddi,tsimonou38@biglobe.ne.jp,Simonou
118,Addison,alanyon39@hao123.com,Lanyon
119,Ilario,itregea3a@prlog.org,Tregea
120,Saidee,sbartot3b@indiegogo.com,Bartot
121,Minnnie,mkenealy3c@mysql.com,Kenealy
122,Chastity,cfilipchikov3d@oracle.com,Filipchikov
123,Halley,hjeffcock3e@google.co.jp,Jeffcock
124,Angel,apumfrey3f@blog.com,Pumfrey
125,Law,ldybell3g@mozilla.org,Dybell
126,Zacharia,zstook3h@vistaprint.com,Stook
127,Brina,bwetton3i@wired.com,Wetton
128,Celestina,cdecastri3j@rediff.com,De Castri
129,Shane,sdufer3k@boston.com,Dufer
130,Cissy,cmateu3l@buzzfeed.com,Mateu
131,Mathilde,mvallerine3m@eventbrite.com,Vallerine
132,Binni,brilton3n@bluehost.com,Rilton
133,Genny,gpoundsford3o@sohu.com,Poundsford
134,Phillida,pstrode3p@diigo.com,Strode
135,Rich,rogleasane3q@nature.com,O'Gleasane
136,Rafa,rfairham3r@jigsy.com,Fairham
137,Hamlin,hducarel3s@tripadvisor.com,Ducarel
138,Anna-diana,awisdom3t@ted.com,Wisdom
139,Idelle,ijovovic3u@state.tx.us,Jovovic
140,Alys,adepke3v@baidu.com,Depke
141,Felike,fmiddlewick3w@whitehouse.gov,Middlewick
142,Yalonda,ygoodered3x@tumblr.com,Goodered
143,Cy,celgood3y@scribd.com,Elgood
144,Yelena,ygirardy3z@reuters.com,Girardy
145,Shaine,scardero40@odnoklassniki.ru,Cardero
146,Melli,msoutter41@list-manage.com,Soutter
147,Lenard,lmcgriffin42@guardian.co.uk,McGriffin
148,Vivianne,vsheeran43@ning.com,Sheeran
149,Pauletta,palebrooke44@ezinearticles.com,Alebrooke
150,Pansy,pwilkennson45@imgur.com,Wilkennson
151,Kynthia,kribey46@narod.ru,Ribey
152,Con,cbrownhall47@hatena.ne.jp,Brownhall
153,Hallsy,hmahady48@slate.com,Mahady
154,Ulrica,usamudio49@paginegialle.it,Samudio
155,Julianna,jwayte4a@vistaprint.com,Wayte
156,Ware,wtapenden4b@cam.ac.uk,Tapenden
157,Lorenzo,lcooke4c@cyberchimps.com,Cooke
158,Orelee,opoinsett4d@godaddy.com,Poinsett
159,Leighton,lgodbehere4e@deliciousdays.com,Godbehere
160,Hillier,hblest4f@phoca.cz,Blest
161,Ermentrude,ecristofalo4g@flavors.me,Cristofalo
162,Pamelina,plearmonth4h@taobao.com,Learmonth
163,Baily,bbaradel4i@cbc.ca,Baradel
164,Cacilia,cendon4j@pagesperso-orange.fr,Endon
165,Harlene,hwithringten4k@imdb.com,Withringten
166,Damon,debbetts4l@mediafire.com,Ebbetts
167,Andrej,amardlin4m@t.co,Mardlin
168,Lucia,lleveritt4n@mit.edu,Leveritt
169,Billy,byeabsley4o@examiner.com,Yeabsley
170,Bettye,bdegiorgi4p@blinklist.com,De Giorgi
171,Patti,pnewlove4q@xinhuanet.com,Newlove
172,Nicoline,ncadwaladr4r@ovh.net,Cadwaladr
173,Lorraine,ltourry4s@blogs.com,Tourry
174,Tyrone,tduer4t@prnewswire.com,Duer
175,Conny,cbonefant4u@sfgate.com,Bonefant
176,Revkah,rkohrs4v@sourceforge.net,Kohrs
177,Danie,dbubbings4w@cocolog-nifty.com,Bubbings
178,Terrijo,tgronow4x@people.com.cn,Gronow
179,Loise,llinggard4y@soundcloud.com,Linggard
180,Meyer,mdallaghan4z@amazon.co.jp,Dallaghan
181,Genevieve,gtrye50@histats.com,Trye
182,Currey,cjacomb51@seattletimes.com,Jacomb
183,Jodee,jmitcham52@tiny.cc,Mitcham
184,Ardys,arydzynski53@deviantart.com,Rydzynski
185,Deeanne,dnicholes54@moonfruit.com,Nicholes
186,Adelheid,amcarte55@drupal.org,McArte
187,Petrina,pgodrich56@businessweek.com,Godrich
188,Adrianna,aferraraccio57@etsy.com,Ferraraccio
189,Ariadne,astaff58@pen.io,Staff
190,Annmarie,adovidian59@imgur.com,Dovidian
191,Tedi,tcorinton5a@ovh.net,Corinton
192,Reese,rbresnahan5b@accuweather.com,Bresnahan
193,Avie,adeniso5c@list-manage.com,Deniso
194,Dario,dbramwich5d@usnews.com,Bramwich
195,Bella,bangier5e@sitemeter.com,Angier
196,Jessee,jheld5f@networksolutions.com,Held
197,Lia,lrobet5g@blinklist.com,Robet
198,Jimmie,jskittreal5h@slate.com,Skittreal
199,Auguste,atettley5i@upenn.edu,Tettley
200,Melantha,mhutchens5j@netlog.com,Hutchens
201,Marsha,mfessler5k@tumblr.com,Fessler
202,Trever,tschoroder5l@desdev.cn,Schoroder
203,Katherine,kdahlberg5m@fastcompany.com,Dahlberg
204,Garv,gnathon5n@rakuten.co.jp,Nathon
205,Eal,ejandel5o@twitter.com,Jandel
206,Marjy,mmccahill5p@youku.com,McCahill
207,Audry,aaurelius5q@scientificamerican.com,Aurelius
208,Mathe,mnovacek5r@cisco.com,Novacek
209,Micky,mlavens5s@yellowpages.com,Lavens
210,Alli,aosbiston5t@ifeng.com,Osbiston
211,Mariann,melden5u@adobe.com,Elden
212,Briny,bscoines5v@shutterfly.com,Scoines
213,Tiler,tjovicic5w@cbslocal.com,Jovicic
214,Ramonda,rtunnah5x@google.nl,Tunnah
215,Benny,blaing5y@archive.org,Laing
216,Charlena,ccello5z@dot.gov,Cello
217,Bordie,bgrebner60@guardian.co.uk,Grebner
218,Alix,abermingham61@usatoday.com,Bermingham
219,Manolo,mseivertsen62@ucla.edu,Seivertsen
220,Hurlee,hbaldini63@webnode.com,Baldini
221,Cobbie,clove64@army.mil,Love
222,Jacquelyn,jferentz65@mozilla.com,Ferentz
223,Clayson,cburnyeat66@latimes.com,Burnyeat
224,Margi,mkeyzman67@umich.edu,Keyzman
225,Vivyan,vwitty68@a8.net,Witty
226,Brig,bcrimin69@ycombinator.com,Crimin
227,Codie,cholehouse6a@etsy.com,Holehouse
228,Gerhardt,gpowe6b@istockphoto.com,Powe
229,Danny,ddeviney6c@uiuc.edu,Deviney
230,Serena,slightowlers6d@cisco.com,Lightowlers
231,Nellie,nmcgucken6e@slate.com,McGucken
232,Kelley,kellesmere6f@loc.gov,Ellesmere
233,Hortense,hblandamore6g@msn.com,Blandamore
234,Benedikt,bthomton6h@nih.gov,Thomton
235,Brady,blaycock6i@bing.com,Laycock
236,Lindsay,landriss6j@rakuten.co.jp,Andriss
237,Ula,ulilleycrop6k@smh.com.au,Lilleycrop
238,Tatiania,tmceachern6l@blogger.com,McEachern
239,Kitti,kboggs6m@studiopress.com,Boggs
240,Joana,jgraffham6n@blogs.com,Graffham
241,Alys,ajepp6o@webeden.co.uk,Jepp
242,Nariko,nthirst6p@omniture.com,Thirst
243,Gabrielle,glampet6q@eventbrite.com,Lampet
244,Lorilyn,lchezier6r@goo.ne.jp,Chezier
245,Chevy,castlett6s@nationalgeographic.com,Astlett
246,Amil,adrain6t@sourceforge.net,Drain
247,Cherlyn,cfettes6u@npr.org,Fettes
248,Derby,dmayoh6v@prnewswire.com,Mayoh
249,Eulalie,esimonin6w@gnu.org,Simonin
250,Di,dcurnick6x@163.com,Curnick
251,Jessie,jjenk6y@comsenz.com,Jenk
252,Ulrike,ugosse6z@illinois.edu,Gosse
253,Anestassia,afaulconer70@mit.edu,Faulconer
254,Marci,mdiloway71@friendfeed.com,Diloway
255,Rod,rpyser72@goo.gl,Pyser
256,Davina,dclarson73@ebay.com,Clarson
257,Domeniga,dpaynes74@answers.com,Paynes
258,Eddie,estonuary75@uiuc.edu,Stonuary
259,Lenci,lsavage76@discovery.com,Savage
260,Berenice,bteodorski77@thetimes.co.uk,Teodorski
261,Barbabra,bbercevelo78@wufoo.com,Bercevelo
262,Kaleb,kscotti79@blinklist.com,Scotti
263,Hector,hmedlar7a@ow.ly,Medlar
264,Raoul,rabeles7b@list-manage.com,Abeles
265,Isidora,imcmanus7c@goodreads.com,McManus
266,Cam,ctithecott7d@abc.net.au,Tithecott
267,Bartholemy,bcheal7e@elpais.com,Cheal
268,Aristotle,adeare7f@blogger.com,Deare
269,Rosemaria,rjakuszewski7g@devhub.com,Jakuszewski
270,Ty,tpereira7h@wordpress.org,Pereira
271,Breena,bpleass7i@e-recht24.de,Pleass
272,Loleta,lriccard7j@homestead.com,Riccard
273,Delilah,dmandrier7k@squarespace.com,Mandrier
274,Sherlock,schapple7l@clickbank.net,Chapple
275,Sharla,smuckleston7m@yale.edu,Muckleston
276,Edna,egodsal7n@cocolog-nifty.com,Godsal
277,Edgar,eharker7o@plala.or.jp,Harker
278,Nan,nhaythornthwaite7p@wix.com,Haythornthwaite
279,Gabi,gcadwaladr7q@epa.gov,Cadwaladr
280,Dill,dmillington7r@themeforest.net,Millington
281,Willa,wpalumbo7s@berkeley.edu,Palumbo
282,Orrin,ovedikhov7t@alexa.com,Vedikhov
283,Marijo,mzapatero7u@census.gov,Zapatero
284,Frankie,flinscott7v@gravatar.com,Linscott
285,Lindy,lwoolatt7w@discovery.com,Woolatt
286,Gerrilee,gvlasin7x@ycombinator.com,Vlasin
287,Gabe,gabbotson7y@apple.com,Abbotson
288,Aime,abalbeck7z@51.la,Balbeck
289,Arty,abelbin80@wikimedia.org,Belbin
290,Clarinda,cmaccoughan81@digg.com,MacCoughan
291,Rickard,rbucknill82@unesco.org,Bucknill
292,Stevena,scollomosse83@skype.com,Collomosse
293,Michaelina,mattenbrow84@tmall.com,Attenbrow
294,Orsa,oplum85@huffingtonpost.com,Plum
295,Josy,jchatterton86@vinaora.com,Chatterton
296,Katlin,ktadd87@google.de,Tadd
297,Nicol,nbrookhouse88@rediff.com,Brookhouse
298,Boote,bitscowicz89@gizmodo.com,Itscowicz
299,Bryon,bmelledy8a@tripadvisor.com,Melledy
300,Lilah,lmaccarrane8b@sohu.com,MacCarrane
301,Camey,cheyfield8c@weebly.com,Heyfield
302,Lavina,lrowberry8d@timesonline.co.uk,Rowberry
303,Trumann,tkluger8e@usda.gov,Kluger
304,Yardley,ycoppen8f@google.cn,Coppen
305,Patrick,pundy8g@cyberchimps.com,Undy
306,Olimpia,oeberts8h@dion.ne.jp,Eberts
307,Halette,hbellhouse8i@nytimes.com,Bellhouse
308,Grier,gstruijs8j@amazon.co.uk,Struijs
309,Sibbie,snotton8k@dedecms.com,Notton
310,Moses,mhinchon8l@networkadvertising.org,Hinchon
311,Fifi,fsharvell8m@answers.com,Sharvell
312,Eddy,eleachman8n@acquirethisname.com,Leachman
313,Clem,cmcveighty8o@google.co.uk,McVeighty
314,Zacherie,zlumox8p@wikispaces.com,Lumox
315,Roanna,rmcward8q@moonfruit.com,McWard
316,Waly,wthrustle8r@godaddy.com,Thrustle
317,Gustavo,glightbourne8s@flickr.com,Lightbourne
318,Morissa,mbarehead8t@cafepress.com,Barehead
319,Pammie,pcrisp8u@irs.gov,Crisp
320,Zita,zdobrowolny8v@marriott.com,Dobrowolny
321,Timothee,tkeneforde8w@gov.uk,Keneforde
322,Pat,pfiorentino8x@drupal.org,Fiorentino
323,Craig,cdangerfield8y@fema.gov,Dangerfield
324,Desiri,dbernaert8z@barnesandnoble.com,Bernaert
325,Ugo,ujansson90@marriott.com,Jansson
326,Durward,dkondratowicz91@irs.gov,Kondratowicz
327,Artemus,aheller92@pagesperso-orange.fr,Heller
328,Neala,ndiegan93@vinaora.com,Diegan
329,Elston,eelcott94@ask.com,Elcott
330,Erasmus,ecollin95@jigsy.com,Collin
331,Linn,lextall96@amazon.com,Extall
332,Lynnet,lmaulin97@123-reg.co.uk,Maulin
333,Elenore,eboom98@google.ca,Boom
334,Odelle,olyptrade99@shinystat.com,Lyptrade
335,Sutherland,smcmeeking9a@engadget.com,McMeeking
336,Lorilee,lbartunek9b@cam.ac.uk,Bartunek
337,Crystal,cbrooksbie9c@aol.com,Brooksbie
338,Travis,tsilbersak9d@youku.com,Silbersak
339,Cleon,csimonou9e@cbc.ca,Simonou
340,Caril,coldershaw9f@amazon.com,Oldershaw
341,Nicholle,ndarlison9g@liveinternet.ru,Darlison
342,Yanaton,ywheildon9h@ucsd.edu,Wheildon
343,Mikel,mmilner9i@sfgate.com,Milner
344,Katharyn,ktruman9j@reverbnation.com,Truman
345,Suzanne,skilner9k@tumblr.com,Kilner
346,Bartram,bprosh9l@ibm.com,Prosh
347,Derk,dphette9m@cdbaby.com,Phette
348,Phillipp,ppardey9n@ocn.ne.jp,Pardey
349,Vaclav,vsim9o@angelfire.com,Sim
350,Cassandre,chackwell9p@thetimes.co.uk,Hackwell
351,Gualterio,gcamock9q@opera.com,Camock
352,Dannie,dbondar9r@geocities.com,Bondar
353,Aldwin,abenbow9s@answers.com,Benbow
354,Imogene,ipounds9t@altervista.org,Pounds
355,Hermy,hchiene9u@zimbio.com,Chiene
356,Alexis,abraunstein9v@scribd.com,Braunstein
357,Leanna,lferries9w@samsung.com,Ferries
358,Dotti,dheugh9x@vimeo.com,Heugh
359,Mariele,mtulip9y@bbb.org,Tulip
360,Cleveland,cfranzonetti9z@histats.com,Franzonetti
361,Claudette,cjewsburya0@cornell.edu,Jewsbury
362,Birch,bsayera1@omniture.com,Sayer
363,Maris,mdewirea2@indiegogo.com,Dewire
364,Merill,mizzarda3@dailymail.co.uk,Izzard
365,Stesha,sedridgea4@constantcontact.com,Edridge
366,Virgie,vraggea5@google.co.uk,Ragge
367,Dalia,dhowgilla6@storify.com,Howgill
368,Friedrick,fleevesa7@shutterfly.com,Leeves
369,Rana,rbarnsona8@psu.edu,Barnson
370,Brynne,bgoodliffea9@intel.com,Goodliffe
371,Sidonia,sjoiceyaa@seattletimes.com,Joicey
372,Krishna,khaszardab@4shared.com,Haszard
373,Ailene,arudeyeardac@yellowpages.com,Rudeyeard
374,Clari,cmcmillanad@nsw.gov.au,McMillan
375,Karoly,kwithropae@auda.org.au,Withrop
376,Leora,lgrimsteadaf@php.net,Grimstead
377,Nappie,nstoffelag@example.com,Stoffel
378,Stephana,sbosseah@stanford.edu,Bosse
379,Nanon,nsunnerai@forbes.com,Sunner
380,Ingeborg,iwildesaj@comsenz.com,Wildes
381,Oswell,oclowneyak@si.edu,Clowney
382,Ines,ithomenal@marriott.com,Thomen
383,Ulberto,umccullagham@imageshack.us,McCullagh
384,Damita,dwalchan@techcrunch.com,Walch
385,Hercules,hogaraao@weather.com,O' Gara
386,Eugenia,eshelperap@accuweather.com,Shelper
387,Essy,ebaxandallaq@sciencedirect.com,Baxandall
388,Niel,nhennemannar@who.int,Hennemann
389,Carol,cretallackas@domainmarket.com,Retallack
390,Ricoriki,rgibbonsonat@dell.com,Gibbonson
391,George,glindwasserau@qq.com,Lindwasser
392,Lorelle,ljoveyav@topsy.com,Jovey
393,Georas,glangtreeaw@wikipedia.org,Langtree
394,Matilda,mtedstoneax@baidu.com,Tedstone
395,Marchall,mmathysay@mediafire.com,Mathys
396,Violetta,vshayloraz@cam.ac.uk,Shaylor
397,Frances,fmorphetb0@vimeo.com,Morphet
398,Georgeanna,gyaninb1@dedecms.com,Yanin
399,Louisette,lantonchikb2@ifeng.com,Antonchik
400,Free,falexanderb3@webs.com,Alexander
401,Enrichetta,ebollenb4@ebay.co.uk,Bollen
402,Barbette,bgundersonb5@360.cn,Gunderson
403,Pavia,pnailb6@exblog.jp,Nail
404,Ferdie,fbolterb7@reddit.com,Bolter
405,Aloysia,ajohansenb8@whitehouse.gov,Johansen
406,Nathanial,nmorfeyb9@liveinternet.ru,Morfey
407,Guillema,gdillingerba@sohu.com,Dillinger
408,Flori,fpidgenbb@tuttocitta.it,Pidgen
409,Edsel,efludgatebc@unc.edu,Fludgate
410,Kalie,khackettbd@linkedin.com,Hackett
411,Catlee,cmussenbe@yahoo.co.jp,Mussen
412,Nobe,njoirebf@vinaora.com,Joire
413,Jeremie,jschulkenbg@google.nl,Schulken
414,Kassey,kfugerebh@google.ru,Fugere
415,Padraig,pcaesarbi@unc.edu,Caesar
416,Batholomew,btoulamainbj@toplist.cz,Toulamain
417,Janey,jmetterickbk@google.ru,Metterick
418,Shanna,sdemkobl@slideshare.net,Demko
419,Tedi,tgristockbm@ycombinator.com,Gristock
420,Othello,omerrikinbn@dion.ne.jp,Merrikin
421,Waverly,wframebo@cisco.com,Frame
422,Kessia,kswinebp@sohu.com,Swine
423,Bertrand,bschubertbq@china.com.cn,Schubert
424,Barbara-anne,bdevillebr@abc.net.au,Deville
425,Marigold,mseekingbs@angelfire.com,Seeking
426,Etta,erowcastlebt@jimdo.com,Rowcastle
427,Cobbie,cstearnbu@wp.com,Stearn
428,Andrea,akenchingtonbv@newyorker.com,Kenchington
429,Essy,eundrellbw@sfgate.com,Undrell
430,Selinda,sjickellsbx@fda.gov,Jickells
431,Lottie,lmordyby@blogspot.com,Mordy
432,Josefa,jbeamissbz@nymag.com,Beamiss
433,Abbott,aartoisc0@reverbnation.com,Artois
434,Georges,gcaldeyrouxc1@123-reg.co.uk,Caldeyroux
435,Martynne,mseymourc2@state.gov,Seymour
436,Ade,agriefc3@ning.com,Grief
437,Rurik,rkestinc4@unicef.org,Kestin
438,Christophe,cmelchiorc5@cnet.com,Melchior
439,Ardelia,ahamsonc6@weibo.com,Hamson
440,Tisha,tmarwoodc7@ehow.com,Marwood
441,Nedi,nhayllerc8@miitbeian.gov.cn,Hayller
442,Dulci,dmullinsc9@php.net,Mullins
443,Drusi,dcurnnokkca@europa.eu,Curnnokk
444,Katlin,kfieldscb@discuz.net,Fields
445,Elke,etothcc@wufoo.com,Toth
446,Serena,spridittcd@addthis.com,Priditt
447,Leonhard,lraggattce@aol.com,Raggatt
448,Virge,vcuxsoncf@wordpress.com,Cuxson
449,Whittaker,wmccrearycg@list-manage.com,McCreary
450,Kit,kgummerych@bandcamp.com,Gummery
451,Barby,bkohlermanci@dmoz.org,Kohlerman
452,Hogan,hyettscj@ucoz.com,Yetts
453,Spence,smiskellyck@linkedin.com,Miskelly
454,Lora,lmeletticl@epa.gov,Meletti
455,Dorian,dmaunderscm@wordpress.org,Maunders
456,Dniren,dcroysercn@wikia.com,Croyser
457,Sayres,sstanggjertsenco@ask.com,Stang-Gjertsen
458,Johannah,jmaillardcp@desdev.cn,Maillard
459,Alan,apervoecq@craigslist.org,Pervoe
460,Nessy,narkilcr@cisco.com,Arkil
461,Saundra,sgledhallcs@sbwire.com,Gledhall
462,Rodrick,rbrittlect@e-recht24.de,Brittle
463,Gaylene,gdufallcu@blinklist.com,Dufall
464,Drucie,dmcdougaldcv@infoseek.co.jp,McDougald
465,Harriot,hrenshawcw@godaddy.com,Renshaw
466,Reggis,rkindreadcx@marriott.com,Kindread
467,Kelby,kbottomleycy@wikimedia.org,Bottomley
468,Bobbee,bbernardeaucz@tamu.edu,Bernardeau
469,Kimmie,kgrunsond0@paginegialle.it,Grunson
470,Melania,msenechelld1@netlog.com,Senechell
471,Maurits,mtowned2@spiegel.de,Towne
472,Fraze,fklehnd3@samsung.com,Klehn
473,Zach,zmcdaidd4@apache.org,McDaid
474,Gorden,gsaylesd5@tripadvisor.com,Sayles
475,Swen,smacknockerd6@nationalgeographic.com,MacKnocker
476,Saidee,schatteyd7@cbslocal.com,Chattey
477,Suzette,scasoned8@sohu.com,Casone
478,Clayton,cdunnetd9@nih.gov,Dunnet
479,Therese,tseamansda@flickr.com,Seamans
480,Robert,rgarnsworthydb@furl.net,Garnsworthy
481,Emilio,ependreddc@google.ru,Pendred
482,Cole,cmassinghamdd@jimdo.com,Massingham
483,Faina,flosekede@weebly.com,Loseke
484,Shantee,sgotthardsfdf@tuttocitta.it,Gotthard.sf
485,Javier,jshakeladedg@sohu.com,Shakelade
486,Iorgos,iurlichdh@apple.com,Urlich
487,Charity,cockleshawdi@weather.com,Ockleshaw
488,Taber,tmonellidj@state.gov,Monelli
489,Chickie,cyersindk@tiny.cc,Yersin
490,Zsazsa,zabercrombiedl@pbs.org,Abercrombie
491,Pam,pholcroftdm@scribd.com,Holcroft
492,Masha,mcupperdn@illinois.edu,Cupper
493,Roanne,rrobbertsdo@weather.com,Robberts
494,Zachariah,zbremmelldp@cpanel.net,Bremmell
495,Rosalia,rmclauchlindq@alexa.com,McLauchlin
496,Madlen,mhammdr@home.pl,Hamm
497,Tilly,tslackds@t.co,Slack
498,Carlotta,cdoutchdt@usatoday.com,Doutch
499,Letti,lcuredelldu@ycombinator.com,Curedell
500,Walsh,wmcentagartdv@sun.com,McEntagart
501,Thedric,tfishlydw@businesswire.com,Fishly
502,Onfroi,oolohandx@blinklist.com,Olohan
503,Olivero,olaitdy@jimdo.com,Lait
504,Tallie,tstollerdz@sphinn.com,Stoller
505,Farrah,fbalnavese0@jugem.jp,Balnaves
506,Christophe,cdarcye1@dmoz.org,d'Arcy
507,Maridel,mbrislene2@umn.edu,Brislen
508,Herta,hrizzardoe3@unesco.org,Rizzardo
509,Dennet,dwebbe4@wp.com,Webb
510,Dall,dkillingworthe5@hhs.gov,Killingworth
511,Levon,lcouthe6@ft.com,Couth
512,Verena,vlitele7@skype.com,Litel
513,Tildi,tpedroe8@lycos.com,Pedro
514,Reyna,rcantose9@intel.com,Cantos
515,Fields,fslyfordea@elegantthemes.com,Slyford
516,Christye,cdanielskyeb@vimeo.com,Danielsky
517,Berni,bcumptonec@samsung.com,Cumpton
518,Flynn,fcammackeed@cam.ac.uk,Cammacke
519,Christiana,cmollindiniaee@discovery.com,Mollindinia
520,Billy,bwakeef@so-net.ne.jp,Wake
521,Filippa,fmahaeg@squidoo.com,Maha
522,Oralla,otumilsoneh@theatlantic.com,Tumilson
523,Susanne,sschoroderei@deliciousdays.com,Schoroder
524,Lorry,lruffliej@chron.com,Ruffli
525,Illa,ikirmanek@prnewswire.com,Kirman
526,Patton,pfostel@technorati.com,Fost
527,Catlaina,cstockleem@wordpress.com,Stockle
528,Eran,erobertsen@naver.com,Roberts
529,Carolina,cneubigineo@nature.com,Neubigin
530,Jacki,jduckeringep@jigsy.com,Duckering
531,Court,cstiegerseq@live.com,Stiegers
532,Sylas,ssquireser@harvard.edu,Squires
533,Belle,btesteres@wired.com,Tester
534,Emalee,eoilieret@networksolutions.com,OIlier
535,Virginia,vflarityeu@cbslocal.com,Flarity
536,Pierce,pdingev@alexa.com,Ding
537,Jessalin,jenserew@miitbeian.gov.cn,Enser
538,Eberhard,espaduzzaex@wix.com,Spaduzza
539,Giustino,gbreederey@sciencedaily.com,Breeder
540,Sherwynd,strebleez@google.com.br,Treble
541,Roma,rsalvagef0@microsoft.com,Salvage
542,Jedediah,jskaymanf1@techcrunch.com,Skayman
543,Hercules,hsimcockf2@wunderground.com,Simcock
544,Jennilee,jshepcuttf3@hhs.gov,Shepcutt
545,Haywood,hshirrellf4@bluehost.com,Shirrell
546,Abelard,arouxf5@booking.com,Roux
547,Horace,htaylersonf6@liveinternet.ru,Taylerson
548,Hollyanne,hpleassf7@mtv.com,Pleass
549,Brittany,briguardf8@stumbleupon.com,Riguard
550,Norrie,nbarracksf9@techcrunch.com,Barracks
551,Wells,wtunstallfa@fotki.com,Tunstall
552,Ursala,uodoohainefb@alibaba.com,O'Doohaine
553,Yoko,yscreachfc@behance.net,Screach
554,Cahra,clermitfd@trellian.com,Lermit
555,Tammy,tbrookerfe@usgs.gov,Brooker
556,Keen,kbadrockff@nature.com,Badrock
557,Skippie,slimpennyfg@yelp.com,Limpenny
558,Webb,wratledgefh@blog.com,Ratledge
559,Tanner,tgoodingsfi@homestead.com,Goodings
560,Julina,jpulhosterfj@buzzfeed.com,Pulhoster
561,Thomas,tdurrellfk@xinhuanet.com,Durrell
562,Kissee,kmaskellfl@hhs.gov,Maskell
563,Kessia,kandrichfm@sitemeter.com,Andrich
564,Simon,sduminifn@tuttocitta.it,Dumini
565,Prentice,pstoresfo@chron.com,Stores
566,Mitchael,mdellatorrefp@t.co,Dellatorre
567,Modestia,mbrimhamfq@google.de,Brimham
568,Pandora,pdeverfr@mapquest.com,Dever
569,Maude,mjeynessfs@whitehouse.gov,Jeyness
570,Shirl,sbrookfieldft@rambler.ru,Brookfield
571,Derron,dlangtreefu@google.pl,Langtree
572,Cele,churlstonfv@reddit.com,Hurlston
573,Erminia,eaaronfw@google.com.br,Aaron
574,Christen,cmaplefx@multiply.com,Maple
575,Franz,frivalfy@paginegialle.it,Rival
576,Ewen,ebraccofz@washington.edu,Bracco
577,Claudetta,cmendezg0@linkedin.com,Mendez
578,Fons,fprichetg1@delicious.com,Prichet
579,Orelia,okoberag2@uiuc.edu,Kobera
580,Wilhelmina,wmingayeg3@alexa.com,Mingaye
581,Kathe,klocheadg4@columbia.edu,Lochead
582,Cortie,ccocklandg5@blogtalkradio.com,Cockland
583,Cherise,cdalglieshg6@gizmodo.com,Dalgliesh
584,Logan,lchristyg7@parallels.com,Christy
585,Waverly,wattenburrowg8@example.com,Attenburrow
586,Aryn,afitzjohng9@google.com.br,Fitzjohn
587,Karie,kfabriga@edublogs.org,Fabri
588,Lotte,lhusbandgb@shutterfly.com,Husband
589,Odey,otavnergc@msn.com,Tavner
590,Cooper,corteaugd@arstechnica.com,Orteau
591,Millisent,mmillerge@odnoklassniki.ru,Miller
592,Prisca,pmccombgf@scientificamerican.com,Mc Comb
593,Sonnie,spackgg@themeforest.net,Pack
594,Gussi,grodwellgh@diigo.com,Rodwell
595,Merrie,mwhodcoatgi@theguardian.com,Whodcoat
596,Napoleon,nheffordegj@cargocollective.com,Hefforde
597,Sheffy,srathmellgk@ameblo.jp,Rathmell
598,Donnie,dglisongl@goodreads.com,Glison
599,Shae,syeuletgm@state.tx.us,Yeulet
600,Tabor,tsplevingsgn@nbcnews.com,Splevings
601,Klemens,kcarnewgo@rediff.com,Carnew
602,Jeddy,jmcgerraghtygp@seattletimes.com,McGerraghty
603,Arch,aminigogq@washington.edu,Minigo
604,Lenna,lguillaingr@unc.edu,Guillain
605,Lyndel,lspoltongs@flickr.com,Spolton
606,Aleen,atrowellgt@unc.edu,Trowell
607,Davy,dsharpingu@booking.com,Sharpin
608,Molli,medmonsongv@amazonaws.com,Edmonson
609,Fons,fhakkinggw@boston.com,Hakking
610,Archibold,aroddergx@mediafire.com,Rodder
611,Dilan,dvlachgy@xing.com,Vlach
612,Leda,lstegergz@tamu.edu,Steger
613,Skipp,scoateh0@artisteer.com,Coate
614,Domingo,djoblinh1@statcounter.com,Joblin
615,Kenton,kalderseah2@over-blog.com,Aldersea
616,Caddric,cmedinah3@businessweek.com,Medina
617,Vin,vcolbrunh4@xinhuanet.com,Colbrun
618,Veda,vgarmansh5@hostgator.com,Garmans
619,Bettye,brossiterh6@apple.com,Rossiter
620,Wynnie,wcallardh7@icio.us,Callard
621,Ashby,ayglesiash8@artisteer.com,Yglesias
622,Melitta,mlockeyh9@opera.com,Lockey
623,Nertie,nantalha@friendfeed.com,Antal
624,Eduino,egorihb@cam.ac.uk,Gori
625,Sibeal,sbratchellhc@craigslist.org,Bratchell
626,Tymothy,tfoskewhd@netscape.com,Foskew
627,Josephina,jduddellhe@amazon.de,Duddell
628,Dorice,dgolderhf@abc.net.au,Golder
629,Lory,lreymershg@businessweek.com,Reymers
630,Hatti,hrainerhh@huffingtonpost.com,Rainer
631,Dav,dtabordhi@pagesperso-orange.fr,Tabord
632,Garland,gstrikerhj@moonfruit.com,Striker
633,Mannie,mnannettihk@hhs.gov,Nannetti
634,Percy,pcrepinhl@joomla.org,Crepin
635,Daryle,dcampionhm@furl.net,Campion
636,Maurene,mmansourhn@seesaa.net,Mansour
637,Payton,peagersho@exblog.jp,Eagers
638,Ainslee,anevillhp@walmart.com,Nevill
639,Teresa,tvangohq@ca.gov,Vango
640,Scarlet,skeppehr@seattletimes.com,Keppe
641,Bryan,bpiattohs@fc2.com,Piatto
642,Bail,bshaxbyht@typepad.com,Shaxby
643,Sauncho,spinyonhu@ihg.com,Pinyon
644,Abbey,adummerhv@netlog.com,Dummer
645,Deanne,dsafhillhw@abc.net.au,Safhill
646,Miltie,mrollinghx@github.com,Rolling
647,Lyndsay,lcissenhy@i2i.jp,Cissen
648,Montague,margohz@friendfeed.com,Argo
649,Murry,mloosleyi0@seesaa.net,Loosley
650,Eirena,eorigini1@mit.edu,Origin
651,Adelaida,agabeli2@time.com,Gabel
652,Rowland,rpendlentoni3@hp.com,Pendlenton
653,Rainer,rgoneti4@about.me,Gonet
654,Edan,eabryi5@netlog.com,Abry
655,Betsy,bberendsi6@sakura.ne.jp,Berends
656,Linc,lstaddingi7@chicagotribune.com,Stadding
657,Jacquette,jdabbotdoylei8@etsy.com,D'Abbot-Doyle
658,Isaiah,itincombei9@mit.edu,Tincombe
659,Renaud,rbenardeauia@netvibes.com,Benardeau
660,Osborne,ogoaleyib@eventbrite.com,Goaley
661,Guthry,gmccreeryic@xrea.com,McCreery
662,Judy,jirvineid@ft.com,Irvine
663,Der,dhuguesie@squarespace.com,Hugues
664,Goldia,gdukelowif@usatoday.com,Dukelow
665,Judi,jtakkosig@google.co.jp,Takkos
666,Bernadene,bmcfaddenih@clickbank.net,McFadden
667,Sonia,ssehorschii@shinystat.com,Sehorsch
668,Waldo,wdelacoteij@nps.gov,De La Cote
669,Mable,mmcenhillik@myspace.com,McEnhill
670,Odo,opedycanil@mail.ru,Pedycan
671,Ashton,afosberryim@tinypic.com,Fosberry
672,Elden,enorthcliffein@wikipedia.org,Northcliffe
673,Latrina,lmacnaughtonio@google.com.hk,MacNaughton
674,Perrine,pwillmotip@cnbc.com,Willmot
675,Linell,lpedroccoiq@merriam-webster.com,Pedrocco
676,Carroll,cgreenhamir@noaa.gov,Greenham
677,Stefan,stumultyis@scientificamerican.com,Tumulty
678,Adelaida,ateagueit@shinystat.com,Teague
679,Wit,wmyttoniu@uiuc.edu,Mytton
680,Rudolph,rsarfasiv@youku.com,Sarfas
681,Fee,ftathacottiw@smugmug.com,Tathacott
682,Gerald,gcurryix@qq.com,Curry
683,Clari,cmannockiy@wordpress.org,Mannock
684,Jasun,jticksalliz@netvibes.com,Ticksall
685,Heddie,hgoingj0@barnesandnoble.com,Going
686,Drona,dcollingwoodj1@friendfeed.com,Collingwood
687,Bunnie,bstandellj2@jugem.jp,Standell
688,Milo,mneumannj3@comsenz.com,Neumann
689,Ruthanne,rbarribalj4@wsj.com,Barribal
690,Hattie,hwadhamj5@merriam-webster.com,Wadham
691,Leighton,lwhyberdj6@theguardian.com,Whyberd
692,Rheta,rjeskinsj7@parallels.com,Jeskins
693,Eli,etetsallj8@netlog.com,Tetsall
694,Gayla,gduprej9@barnesandnoble.com,Dupre
695,Waylin,wboormanja@wordpress.org,Boorman
696,Anders,aallenbyjb@twitpic.com,Allenby
697,Hagen,hfehelyjc@microsoft.com,Fehely
698,Biddy,bpearsalljd@go.com,Pearsall
699,Etheline,edonaldje@yale.edu,Donald
700,Hector,htacklejf@yolasite.com,Tackle
701,Nealon,njoddinsjg@gravatar.com,Joddins
702,Richart,rgiannazzojh@abc.net.au,Giannazzo
703,Austen,avellji@webnode.com,Vell
704,Katerine,ktesmondjj@aol.com,Tesmond
705,Holmes,hberkelyjk@delicious.com,Berkely
706,Gustave,gskipworthjl@timesonline.co.uk,Skipworth
707,Bari,bockendonjm@yellowbook.com,Ockendon
708,Ivette,isayrejn@nymag.com,Sayre
709,Maddy,mcopcottjo@goo.ne.jp,Copcott
710,Adriana,abattersbyjp@vimeo.com,Battersby
711,Robena,rparkjq@ask.com,Park
712,Emylee,ecrohanjr@goodreads.com,Crohan
713,Wallache,wshimmingsjs@sbwire.com,Shimmings
714,Stefanie,sgoltonjt@disqus.com,Golton
715,Pamella,ppieterju@xing.com,Pieter
716,Sissy,syerlettjv@edublogs.org,Yerlett
717,Hartley,hmaunjw@51.la,Maun
718,Jacquelynn,jbraybrookjx@photobucket.com,Braybrook
719,Rhetta,rcleavesjy@bandcamp.com,Cleaves
720,Milly,mmurtyjz@mozilla.org,Murty
721,Wernher,wmacaleesek0@netlog.com,MacAleese
722,Letta,lredleyk1@wisc.edu,Redley
723,Andrey,astokoek2@comsenz.com,Stokoe
724,Vyky,vwhyberdk3@foxnews.com,Whyberd
725,Kate,kgladebeckk4@about.com,Gladebeck
726,Linette,lcrillyk5@lulu.com,Crilly
727,Lynn,ldowallk6@privacy.gov.au,Dowall
728,Lexy,lhapgoodk7@howstuffworks.com,Hapgood
729,Vivyan,vstoylek8@geocities.com,Stoyle
730,Micheil,mrysonk9@tumblr.com,Ryson
731,Granny,gmacvanamyka@arizona.edu,MacVanamy
732,Norby,nrennleskb@cargocollective.com,Rennles
733,Oralee,ospeightkc@smh.com.au,Speight
734,Bernardo,bconquestkd@umich.edu,Conquest
735,Ilaire,ibiertonke@hibu.com,Bierton
736,Amber,apurseykf@answers.com,Pursey
737,Annette,aweldrickkg@ning.com,Weldrick
738,Oralee,ocousinskh@loc.gov,Cousins
739,Melessa,mbrandsmaki@twitpic.com,Brandsma
740,Buddy,bmcelvoguekj@paypal.com,McElvogue
741,Margery,mheardmankk@mayoclinic.com,Heardman
742,Wang,wkupperkl@51.la,Kupper
743,Thacher,tmuslimkm@yolasite.com,Muslim
744,Kathi,kmewiskn@cisco.com,Mewis
745,Aurelia,atamesko@sohu.com,Tames
746,Lilias,lellawaykp@loc.gov,Ellaway
747,Lynnette,lmattiessenkq@alexa.com,Mattiessen
748,Meredeth,mperellokr@360.cn,Perello
749,Gaby,gknudsenks@macromedia.com,Knudsen
750,Gwenora,ggarattykt@blog.com,Garatty
751,Jonathan,jmeesku@home.pl,Mees
752,Jermain,jpischoffkv@facebook.com,Pischoff
753,Luis,lcochranekw@bandcamp.com,Cochrane
754,Sollie,syouthedkx@sina.com.cn,Youthed
755,Stafani,sbartensky@rediff.com,Bartens
756,Nydia,ncoyekz@unblog.fr,Coye
757,Trina,tgiacoppolil0@craigslist.org,Giacoppoli
758,Dexter,duddenl1@tuttocitta.it,Udden
759,Mirilla,mdenisetl2@i2i.jp,Deniset
760,Lexine,lkmicickil3@jimdo.com,Kmicicki
761,Beverlee,brigtsl4@ifeng.com,Rigts
762,Maritsa,mjanekl5@squidoo.com,Janek
763,Anabal,ascarcel6@auda.org.au,Scarce
764,Aurelie,aedensorl7@tamu.edu,Edensor
765,Sonni,savrahamofl8@surveymonkey.com,Avrahamof
766,Junie,jfliggl9@vistaprint.com,Fligg
767,Brandy,bweichla@instagram.com,Weich
768,Dallas,dspittallb@typepad.com,Spittal
769,Desmond,dschruyerslc@go.com,Schruyers
770,Leyla,lfeldld@sina.com.cn,Feld
771,Terri,tcluesle@elegantthemes.com,Clues
772,Marin,mmcgillivraylf@techcrunch.com,McGillivray
773,Eartha,emapplethorpelg@ibm.com,Mapplethorpe
774,Magdalene,myulh@gizmodo.com,Yu
775,Dari,djonahli@phpbb.com,Jonah
776,Somerset,scommonlj@ezinearticles.com,Common
777,Jackson,jwalkowskilk@google.es,Walkowski
778,Madelin,mbarkerll@canalblog.com,Barker
779,Filippo,fvinklm@discovery.com,Vink
780,Colin,cwiszniewskiln@marriott.com,Wiszniewski
781,Sashenka,swidduplo@cbslocal.com,Widdup
782,Darren,dkneeshalp@youku.com,Kneesha
783,Oran,ocolquetelq@purevolume.com,Colquete
784,Franky,fnewhamlr@google.es,Newham
785,Tomaso,teisikovitshls@tinyurl.com,Eisikovitsh
786,Stephine,slemmonlt@delicious.com,Lemmon
787,Roldan,rmcilwricklu@mysql.com,Mc Ilwrick
788,Anthony,alowerlv@quantcast.com,Lower
789,Philipa,pzammettlw@surveymonkey.com,Zammett
790,Simona,scotgravelx@liveinternet.ru,Cotgrave
791,Arman,acapinily@unesco.org,Capini
792,Amelita,aschlagtmanslz@about.me,Schlagtmans
793,Flossy,fshaxbym0@dedecms.com,Shaxby
794,Nadia,npearmanm1@ocn.ne.jp,Pearman
795,Dalton,dreckem2@google.pl,Recke
796,Diannne,dbromleym3@cbc.ca,Bromley
797,Laraine,lwogdonm4@kickstarter.com,Wogdon
798,Morey,mgrishenkovm5@de.vu,Grishenkov
799,Janina,jlettm6@posterous.com,Lett
800,Stefan,sploughwrightm7@cmu.edu,Ploughwright
801,Markus,mdudlestonem8@google.com.hk,Dudlestone
802,Lona,lcocksm9@nifty.com,Cocks
803,Row,rmayellma@bloglines.com,Mayell
804,Evangelia,efettermb@reuters.com,Fetter
805,Devinne,dmaddoxmc@businessinsider.com,Maddox
806,Giffer,gseerymd@jimdo.com,Seery
807,Anastassia,aleestutme@intel.com,LeEstut
808,Darbie,dmussenmf@trellian.com,Mussen
809,Sharlene,shovelmg@facebook.com,Hovel
810,Farley,fwillisonmh@studiopress.com,Willison
811,Morley,mharrowsmithmi@vinaora.com,Harrowsmith
812,Ginger,gfumagallimj@youtube.com,Fumagalli
813,Mallissa,mclistmk@reference.com,Clist
814,Hewe,hgodspeedeml@google.de,Godspeede
815,Abigael,amacivermm@mapy.cz,MacIver
816,Kippy,kmcloneymn@rambler.ru,McLoney
817,Giffer,gtrendlemo@blogspot.com,Trendle
818,Cathlene,criddioughmp@hatena.ne.jp,Riddiough
819,Damita,dmeighanmq@phpbb.com,Meighan
820,Lorette,lcarillomr@kickstarter.com,Carillo
821,Jerald,jlindebergms@tiny.cc,Lindeberg
822,Aurie,acanizaresmt@over-blog.com,Canizares
823,Kylila,ksummersidemu@trellian.com,Summerside
824,Chan,coslermv@nydailynews.com,Osler
825,Chrysa,cmackeaguemw@ibm.com,MacKeague
826,Morena,mtamemx@freewebs.com,Tame
827,Remington,rfairhammy@about.me,Fairham
828,Lurlene,lnibleymz@hao123.com,Nibley
829,Bambie,bhastinn0@home.pl,Hastin
830,Joelynn,jvinsonn1@cam.ac.uk,Vinson
831,Hewet,hmacbethn2@nature.com,Macbeth
832,Danica,dmelmoren3@latimes.com,Melmore
833,Lorant,ltillern4@hostgator.com,Tiller
834,Tabbitha,tharmondn5@cmu.edu,Harmond
835,Bart,bbarnewalln6@sciencedaily.com,Barnewall
836,Agnese,asalmonn7@oakley.com,Salmon
837,Felizio,fmacelroyn8@ucsd.edu,MacElroy
838,Kore,kpoln9@telegraph.co.uk,Pol
839,Melvyn,mdowgillna@yelp.com,Dowgill
840,Roch,rceaplennb@jimdo.com,Ceaplen
841,Zelma,ztreendnc@ca.gov,Treend
842,Terri,trorkend@is.gd,Rorke
843,Jorey,jgossagene@angelfire.com,Gossage
844,Louise,lmaccolgannf@tinypic.com,MacColgan
845,Pavel,parseyng@github.com,Arsey
846,Tanhya,tcristounh@t.co,Cristou
847,Mable,mpierseni@blog.com,Pierse
848,Rebe,rhammersonnj@dagondesign.com,Hammerson
849,Christi,cvaynenk@slashdot.org,Vayne
850,Kippar,kpesslernl@naver.com,Pessler
851,Pat,pstrangnm@yale.edu,Strang
852,Beryle,bchadwicknn@sciencedirect.com,Chadwick
853,Theodoric,tsimionno@jalbum.net,Simion
854,Odele,oramenp@wunderground.com,Rame
855,Carline,carmandnq@rakuten.co.jp,Armand
856,Morgan,mmoormannr@slate.com,Moorman
857,Lyn,lscarrattns@surveymonkey.com,Scarratt
858,Eal,emandelnt@webnode.com,Mandel
859,Austine,alakenu@yahoo.com,Lake
860,Teena,ttuffreynv@alexa.com,Tuffrey
861,Diane,dpocockenw@artisteer.com,Pococke
862,Genevieve,gmclarensnx@altervista.org,McLarens
863,Sebastian,sburgneny@bizjournals.com,Burgne
864,Dallis,dvlasenkovnz@multiply.com,Vlasenkov
865,Adair,arodgersono0@wix.com,Rodgerson
866,Candie,charnimano1@wiley.com,Harniman
867,Natala,ncocko2@sohu.com,Cock
868,Brandice,bwaddamso3@tinypic.com,Waddams
869,Alicia,amccarlo4@netvibes.com,McCarl
870,Ruttger,rfoyo5@nasa.gov,Foy
871,Lana,lsivello6@imageshack.us,Sivell
872,Hadley,hdelveso7@wired.com,Delves
873,Daria,dpeebleso8@mysql.com,Peebles
874,Channa,cliebrechto9@xing.com,Liebrecht
875,Thelma,tyeardleyoa@hud.gov,Yeardley
876,Stefa,sdunniomob@reddit.com,Dunniom
877,Sibeal,sheinleinoc@tuttocitta.it,Heinlein
878,Reilly,rlambirthod@usda.gov,Lambirth
879,Thornton,tduxburyoe@paginegialle.it,Duxbury
880,Jodie,jpopeof@ft.com,Pope
881,Kimbra,kbasantog@rambler.ru,Basant
882,Jock,jcounteroh@stanford.edu,Counter
883,Blanch,btiteoi@mashable.com,Tite
884,Aland,avolkoj@qq.com,Volk
885,Norine,nrettieok@hibu.com,Rettie
886,Wake,wramsteadol@dailymail.co.uk,Ramstead
887,Molli,mpressom@chron.com,Press
888,Zulema,zgildingon@tiny.cc,Gilding
889,Calida,crickabyoo@jalbum.net,Rickaby
890,Roderich,rnareop@theatlantic.com,Nare
891,Petunia,pwoolmingtonoq@arizona.edu,Woolmington
892,Gabie,gliddicoator@un.org,Liddicoat
893,Orsa,ohaycoxos@tuttocitta.it,Haycox
894,Lefty,ldoyot@europa.eu,Doy
895,Dermot,dcrocettiou@ocn.ne.jp,Crocetti
896,Fabiano,fpickerinov@rediff.com,Pickerin
897,Donny,drattow@digg.com,Ratt
898,Rebecka,rcarenox@icio.us,Caren
899,Cori,criccellioy@unicef.org,Riccelli
900,Joyous,jholttomoz@addthis.com,Holttom
901,Claudine,caizikovp0@bigcartel.com,Aizikov
902,Leann,lferierp1@spotify.com,Ferier
903,Hendrik,hduthyp2@mtv.com,Duthy
904,Lara,lkerblerp3@so-net.ne.jp,Kerbler
905,Marietta,mbuskep4@cmu.edu,Buske
906,Beau,bberranep5@sphinn.com,Berrane
907,Ibbie,icuppleditchp6@unicef.org,Cuppleditch
908,Dalton,dberthotp7@bbc.co.uk,Berthot
909,Catherina,cgoadbiep8@columbia.edu,Goadbie
910,Phillis,pbowiep9@jimdo.com,Bowie
911,Aldous,alivingstonepa@mtv.com,Livingstone
912,Deerdre,dgeorgelpb@cafepress.com,Georgel
913,Ermengarde,emerrgenpc@discovery.com,Merrgen
914,Tyrone,tbazeleypd@mail.ru,Bazeley
915,Ronalda,rpithcockpe@mashable.com,Pithcock
916,Donni,dsturchpf@unblog.fr,Sturch
917,Teodoro,tbasnettpg@nymag.com,Basnett
918,Magnum,mjarroldph@buzzfeed.com,Jarrold
919,Andrew,aratraypi@w3.org,Ratray
920,Hamlin,hblasgenpj@blinklist.com,Blasgen
921,Prentiss,pporkisspk@arstechnica.com,Porkiss
922,Delphinia,djurischpl@apache.org,Jurisch
923,Janessa,jbellworthypm@sourceforge.net,Bellworthy
924,Izabel,isoperpn@ted.com,Soper
925,Nisse,ngotmannpo@china.com.cn,Gotmann
926,Skylar,shackeypp@chicagotribune.com,Hackey
927,Baxy,bswanstonpq@studiopress.com,Swanston
928,Dru,dfonzopr@list-manage.com,Fonzo
929,Adela,aghioneps@live.com,Ghione
930,Delmore,dkebbellpt@nature.com,Kebbell
931,Fulvia,fcornwellpu@ucla.edu,Cornwell
932,Barde,bfarrispv@sakura.ne.jp,Farris
933,Tressa,tberthotpw@about.me,Berthot
934,Phillipe,ptwiddellpx@house.gov,Twiddell
935,Chere,cmanueaupy@gravatar.com,Manueau
936,Mellie,mgasperipz@google.co.uk,Gasperi
937,Kele,kizacenkoq0@bravesites.com,Izacenko
938,Valentina,vcoattsq1@forbes.com,Coatts
939,Arlina,agianilliq2@salon.com,Gianilli
940,Victoir,vkryzhovq3@tamu.edu,Kryzhov
941,Ilyssa,iansticeq4@freewebs.com,Anstice
942,Shea,sfilipowiczq5@macromedia.com,Filipowicz
943,Shirley,sgeallq6@nsw.gov.au,Geall
944,Leyla,lpauleauq7@fc2.com,Pauleau
945,Jeanelle,jnorcliffeq8@ibm.com,Norcliffe
946,Othelia,oearsmanq9@europa.eu,Earsman
947,Bibbie,bfearnsidesqa@gnu.org,Fearnsides
948,Shaylynn,sgroteqb@wordpress.com,Grote
949,Daisie,dmcquillanqc@bloglines.com,McQuillan
950,Karrah,kburrissqd@theguardian.com,Burriss
951,Bobine,bstrowanqe@miitbeian.gov.cn,Strowan
952,Carola,cwhymarkqf@163.com,Whymark
953,Murvyn,mgiloglyqg@alibaba.com,Gilogly
954,Crawford,cboichqh@cbc.ca,Boich
955,Guthry,ghultbergqi@timesonline.co.uk,Hultberg
956,Saudra,smaestroqj@china.com.cn,Maestro
957,Angela,akerslakeqk@ebay.com,Kerslake
958,Min,mpagettql@mozilla.org,Pagett
959,Tammara,trudsdaleqm@woothemes.com,Rudsdale
960,Dyanna,dpolleyqn@paypal.com,Polley
961,Wilie,wmcivorqo@1688.com,McIvor
962,Dud,dstuckowqp@google.nl,Stuckow
963,Diahann,dcortesqq@google.com.hk,Cortes
964,Dorey,dcromarqr@pcworld.com,Cromar
965,Cy,cbirchenheadqs@hp.com,Birchenhead
966,Ashien,ameddickqt@cbsnews.com,Meddick
967,Mira,msneesbiequ@clickbank.net,Sneesbie
968,Edithe,emyottqv@archive.org,Myott
969,Maggi,mwolteringqw@domainmarket.com,Woltering
970,Den,denricqx@china.com.cn,Enric
971,Gaylene,gsutchqy@amazon.com,Sutch
972,Maren,mfesbyqz@w3.org,Fesby
973,Binny,bvanderhoogr0@cnet.com,Van Der Hoog
974,Zachariah,zflancinbaumr1@google.cn,Flancinbaum
975,Anstice,adegoer2@time.com,Degoe
976,Cybill,cstopforthr3@omniture.com,Stopforth
977,Calhoun,celanr4@freewebs.com,Elan
978,Taddeo,tellingtonr5@myspace.com,Ellington
979,Ophelia,ocarder6@jiathis.com,Carde
980,Aubree,afarquarr7@ezinearticles.com,Farquar
981,Dyna,dewbanker8@printfriendly.com,Ewbanke
982,Raina,rskettr9@sogou.com,Skett
983,Patrice,pgatteridgera@nyu.edu,Gatteridge
984,Jammal,jcecirb@skyrock.com,Ceci
985,Debra,dcluesrc@kickstarter.com,Clues
986,Amber,abonifacerd@google.nl,Boniface
987,Aurie,adearlere@pcworld.com,Dearle
988,Ward,wbisphamrf@google.co.uk,Bispham
989,Parke,pbrodyrg@state.gov,Brody
990,Cicily,cbartenrh@forbes.com,Barten
991,Annetta,atimminsri@angelfire.com,Timmins
992,Andrej,agullifordrj@51.la,Gulliford
993,Cosimo,cpickthornrk@photobucket.com,Pickthorn
994,Grace,gsomesrl@amazon.de,Somes
995,Brice,bmosdallrm@cmu.edu,Mosdall
996,Norina,nlampsrn@unblog.fr,Lamps
997,Hersch,hsetterfieldro@seattletimes.com,Setterfield
998,Shea,sbanckrp@cbsnews.com,Banck
999,Rudyard,rleggatrq@weather.com,Leggat
1000,Alane,abeadmanrr@imdb.com,Beadman
